"To Each, Her Own",2018
"Happy Anniversary",2018
"Out of Many, One",2018
"Game Over, Man!",2018
"Forgive Us Our Debts",2018
Apostle,2018
"The Polka King",2018
Paradox,2018
"The American Meme",2018
"Irreplaceable You",2018
"The Princess Switch",2018
"ReMastered: Who Killed Jam Master Jay?",2018
"Seeing Allred",2018
"Springsteen on Broadway",2018
"Angela's Christmas",2018
"When We First Met",2018
"Alex Strangelove",2018
"How It Ends",2018
"End Game",2018
"I Am Not an Easy Man",2018
"The Angel",2018
"Porta dos Fundos: The Last Hangover",2018
"Lust Stories",2018
"Step Sisters",2018
"The Most Assassinated Woman in the World",2018
"Recovery Boys",2018
"Rajma Chawal",2018
"The Kissing Booth",2018
"The Trader",2018
Benji,2018
"5 Star Christmas",2018
"Ladies First",2018
Calibre,2018
"To All the Boys I've Loved Before",2018
"Take Your Pills",2018
"Two Catalonias",2018
"ReMastered: Who Shot the Sheriff?",2018
"Like Father",2018
"Hold the Dark",2018
"Sierra Burgess Is a Loser",2018
Sometimes,2018
"Bird Box",2018
"Love per Square Foot",2018
"Nappily Ever After",2018
"The Legacy of a Whitetail Deer Hunter",2018
"Long Live Brij Mohan",2018
"Outlaw King",2018
"The Package",2018
Roma,2018
"Private Life",2018
Shirkers,2018
"City of Joy",2018
"The Other Side of the Wind",2018
"Derren Brown: Sacrifice",2018
"The Night Comes for Us",2018
"The Bleeding Edge",2018
"Reversing Roe",2018
"The Cloverfield Paradox",2018
"The Open House",2018
"Set It Up",2018
"Ram Dass, Going Home",2018
"The Holiday Calendar",2018
"On My Skin",2018
"The Ballad of Buster Scruggs",2018
"Loudon Wainwright III: Surviving Twin",2018
"The Land of Steady Habits",2018
"Roxanne Roxanne",2018
"The After Party",2018
"Struggle: The Life and Lost Art of Szukaiski",2018
22-Jul,2018
"First Match",2018
"ReMastered: Tricky Dick & the Man in Black",2018
"Notes from Dunblane: Lesson from a School Shooting",2018
Dude,2018
"Zion ",2018
"Candy Jar",2018
"A Christmas Prince: The Royal Wedding",2018
"They'll Love Me When I'm Dead",2018
"Mowgli: Legend of the Jungle",2018
Extinction,2018
"Feminists: What Were They Thinking?",2018
"Been So Long",2018
"The Week Of",2018
Amateur,2018
"Come Sunday",2018
"Mercury 13",2018
"Father of the Year",2018
"A Futile and Stupid Gesture",2018
"Taylor Swift: Reputation Stadium Tour",2018
"The Outsider",2018
Quincy,2018
TAU,2018
Cargo,2018
Mute,2018
"The Rachel Divide",2018
"6 Balloons",2018
Ibiza,2018
Cam,2018
"The Christmas Chronicles",2018
"The Perfection",2019
"Brene Brown: The Call to Courage",2019
"The Lonely Island Presents: The Unauthorized Bash Brothers Experience",2019
"Porta dos Fundos: The First Temptation of Christ",2019
"El Pepe: A Supreme Life",2019
Polar,2019
"In the Tall Grass",2019
"The Knight Before Christmas",2019
"Unicorn Store",2019
Birders,2019
"Parchis: The Documentary",2019
"Fyre: The Greatest Party That Never Happened",2019
"In the Shadow of the Moon",2019
"Kevin Hart's Guide to Black History",2019
"Secret Obsession",2019
"American Factory",2019
"Tall Girl",2019
"Holiday Rush",2019
"House Arrest",2019
Chopsticks,2019
"The Legend of Cocaine Island",2019
"Elisa & Marcela",2019
"The Great Hack",2019
"The Forest of Love",2019
"Still Laugh-In: The Stars Celebrate",2019
Firebrand,2019
Rattlesnake,2019
Sextuplets,2019
"Ghosts of Sugar Land",2019
Lionheart,2019
"Bikram: Yogi, Guru, Predator",2019
Seventeen,2019
"The Laundromat",2019
"Lorena, Light-Footed Woman",2019
"Grass Is Greener",2019
"Dead Kids",2019
"Hello Privilege. It's Me, Chelsea",2019
15-Aug,2019
"See You Yesterday",2019
Anima,2019
"The Irishman",2019
IO,2019
"After Maria",2019
"A Tale of Two Kitchens",2019
"ReMastered: The Two Killings of Sam Cooke",2019
Otherhood,2019
"The Dirt",2019
"All in My Family",2019
"Murder Mystery",2019
"Velvet Buzzsaw",2019
"Little Miss Sumo",2019
"Who Would You Take to a Deserted Island?",2019
"Wine Country",2019
"Let It Snow",2019
"It Takes a Lunatic",2019
"Marriage Story",2019
Beats,2019
Drive,2019
"The App",2019
"John Mulaney & the Sack Lunch Bunch",2019
"Triple Frontier",2019
"Walk. Ride. Rodeo.",2019
"Despite Everything",2019
"Rocko's Modern Life: Static Cling",2019
"Dolemite Is My Name",2019
"After the Raid",2019
"Dancing with the Birds",2019
"Fire in Paradise",2019
"Back to School",2019
Soni,2019
"The Perfect Date",2019
Upstarts,2019
"The Two Popes",2019
"Como Caído del Cielo",2019
"Life Overtakes Me",2019
"ReMastered: The Miami Showband Massacre",2019
"The Highwaymen",2019
"ReMastered: Massacre at the Stadium",2019
Juanita,2019
Klaus,2019
Fractured,2019
"The Irishman: In Conversation",2019
"Antoine Griezmann: The Making of a Legend",2019
"Music Teacher",2019
"Enter the Anime",2019
"ReMastered: Devil at the Crossroads",2019
"Rim of the World",2019
"Homecoming: A Film by Beyonce ",2019
"Always Be My Maybe",2019
"Holiday in the Wild",2019
"ReMastered: The Lion's Share",2019
"Paris Is Us",2019
"American Factory: A Conversation with the Obamas ",2019
Eli,2019
"Frankenstein's Monster's Monster, Frankenstein",2019
"El Camino: A Breaking Bad Movie",2019
"Los Tigres del Norte at Folsom Prison",2019
"High Flying Bird",2019
"The Black Godfather",2019
"6 Underground",2019
"Tell Me Who I Am",2019
"Point Blank",2019
Evelyn,2019
"A 3 Minute Hug",2019
"Knock Down the House",2019
"Travis Scott: Look Mom I Can Fly",2019
"Sturgill Simpson Presents: Sound & Fury",2019
"A Christmas Prince: The Royal Baby",2019
"The Edge of Democracy",2019
"The Last Laugh",2019
"Invader Zim: Enter the Florpus",2019
"Period. End of Sentence.",2019
"Someone Great",2019
"The Red Sea Diving Resort",2019
"Between Two Ferns: The Movie",2019
"American Son",2019
"Street Flow",2019
Lovefucked,2019
"Earthquake Bird",2019
"Falling Inn Love",2019
"Good Sam",2019
"The King",2019
"The Road to El Camino: A Breaking Bad Movie",2019
Paddleton,2019
"Rolling Thunder Revue: A bob Dylan Story by Martin Scorsere",2019
"Notes for My Son",2020
"The Lovebirds",2020
"Death to 2020",2020
"Operation Christmas Drop",2020
"If Anything Happens I Love You",2020
"Christmas Crossfire",2020
"Shawn Mendes: In Wonder",2020
"Ariana Grande: Excuse Me, I Love You",2020
"A California Christmas",2020
Uncorked,2020
"The Beast",2020
"The Trial of the Chicago 7",2020
"Hope Frozen: A Quest to Live Twice",2020
"The Paramedic",2020
"Yeh Ballet",2020
"All Because of You",2020
"Ginny Weds Sunny",2020
"Dance Dreams: Hot Chocolate Nutcracker",2020
"The Main Event",2020
"I'm No Longer Here",2020
"Blackpink: Light Up the Sky",2020
"Circus of Books",2020
"Ma Rainey's Black Bottom",2020
"Seriously Single",2020
"The Call",2020
"What Did Jack Do?",2020
Bulbbul,2020
"Canvas ",2020
"Murder to Mercy: The Cyntoia Brown Story",2020
Mank,2020
"The Crimes That Bind",2020
"The Last Days of American Crime",2020
"Dolly Kitty and Those Twinkling Stars",2020
"A Secret Love",2020
"Nobody Knows I'm Here",2020
"The Babysitter: Killer Queen",2020
"The Midnight Sky",2020
Ultras,2020
"We Are One",2020
"Hubie Halloween",2020
Desperados,2020
Holidate,2020
"Under the Riccione Sun",2020
"Spenser Confidential",2020
"Mucho Mucho Amor: The Legend of Walter Mercado ",2020
"Serious Men",2020
"All Together Now",2020
"Offering to the Storm",2020
"The Claudia Kishi Club",2020
"The Old Guard",2020
Tigertail,2020
"Father Soldier Son",2020
"The Occupant",2020
"Gunjan Saxena: The Kargil Girl",2020
"Anelka: Misunderstood",2020
"His House",2020
"Lost Girls",2020
"Dad Wanted",2020
"To All the Boys: P.S. I Still Love You",2020
Guilty,2020
"The Players",2020
"Dangerous Lies",2020
"A Life of Speed: The Juan Manuel Fangio Story",2020
"Over the Moon",2020
"Raat Akeli Hai",2020
"The Half of It",2020
"Just Another Christmas",2020
"Octonauts & the Caves of Sac Actun",2020
"Octonauts & the Great Barrier Reef",2020
"The Claus Family",2020
"The Last Thing He Wanted",2020
"We Can Be Heroes",2020
Cadaver,2020
"Class of '83",2020
Whipped,2020
"Alien Xmas",2020
"Kaali Khuhi",2020
"Hillbilly Elegy",2020
"Leyla Everlasting",2020
"Isi & Ossi",2020
"Love Wedding Repeat",2020
"Shawn Mendes: Live in Concert",2020
"Eurovision Song Contest: The Story of Fire Saga",2020
"Guillermo Vilas: Settling the Score",2020
"Secrets of the Saqqara Tomb",2020
"Emicida: AmarElo - It's All For Yesterday",2020
"Athlete A",2020
"Dolly Parton's Christmas on the Square",2020
"Unknown Origins",2020
"Love, Guaranteed",2020
"Rich in Love",2020
"Bigflo & Oil: Hip Hop Frenzy",2020
"David Attenborough: A Life on Our Planet",2020
"One-Way to Tomorrow",2020
"The Willoughbys",2020
"Mrs. Serial Killer",2020
"Lost Bullet",2020
"Spelling the Dream",2020
"Rogue City",2020
"Feel the Beat",2020
"Rising High",2020
"Crip Camp: A Disability Revolution",2020
"Dick Johnson Is Dead",2020
"LA Originals",2020
"Work It",2020
Intuition,2020
"A Fall from Grace",2020
Ludo,2020
"Crazy Awesome Teachers",2020
"Angela's Christmas Wish",2020
"Road to Roma",2020
"Nobody Sleeps in the Woods Tonight",2020
"The Boys in the Band",2020
"The Princess Switch: Switched Again",2020
"All the Bright Places",2020
Fearless,2020
"Sitara: Let Girls Dream",2020
"Cops and Robbers",2020
"My Octopus Teacher",2020
"The Speed Cubers",2020
"The Devil All the Time",2020
Extraction,2020
"Rooting for Roona",2020
Becoming,2020
"Choked: Paisa Bolta Hai",2020
"The Day of the Lord",2020
"Disclosure: Trans Lives on Screen",2020
"A Love Song for Latasha",2020
"The Boys in the Band: Something Personal",2020
"Earth and Blood",2020
"Òlòt?ré",2020
"The Prom",2020
"Fatal Affair",2020
"Ben Platt: Live from Radio City Music Hall",2020
"Coffee & Kareem",2020
"You've Got This",2020
"The 40-Year-Old Version",2020
"Finding Agnes",2020
"A Whisker Away",2020
"Miss Americana",2020
"The Social Dilemma",2020
"The Life Ahead",2020
Maska,2020
"AK vs AK",2020
"I'm Thinking of Ending Things",2020
"The Christmas Chronicles: Part Two",2020
"John Was Trying to Contact Aliens",2020
"Rising Phoenix",2020
"Da 5 Bloods",2020
"Ma Rainey's Black Bottom: A Legacy Brought to Screen",2020
"Have a Good Trip: Adventures in Psychedelics",2020
Rebecca,2020
"Project Power",2020
"The Kissing Booth 2",2020
"All Day and a Night",2020
"Altered Carbon: Resleeved",2020
Citation,2020
"The Sleepover",2020
"What We Wanted",2020
"Time to Hunt",2020
"The Three Deaths of Marisela Escobedo",2020
"Giving Voice",2020
"One Take",2020
"The Decline",2020
"Horse Girl",2020
"Airplane Mode",2020
"The Wrong Missy",2020
"The Larva Island Movie",2020
"Sol Levante",2020
"Vampires vs. the Bronx",2020
"Dark Forces",2020
"A Babysitter's Guide to Monster Hunting",2020
Sergio,2020
"Jingle Jangle: A Christmas Journey",2020
"Love Like the Falling Rain",2020
"The Binding",2020
"Sarah Cooper: Everything's Fine",2020
"Rose Island",2020
"GIMS: On the Record",2020
"American Murder: The Family Next Door",2020
"I'm No Longer Here: A Discussion with Guillermo del Toro and Alfonso Cuaron",2020
"Freaks: You're One of Us",2020
"Why Did You Kill Me?",2021
"Pieces of a Woman",2021
"Crazy About Her",2021
"Night in Paradise",2021
"I Am All Girls",2021
Sentinelle,2021
"Outside the Wire",2021
"The White Tiger",2021
"Caught by a Wave",2021
"What Would Sophia Loren Do?",2021
"Get the Goat",2021
"Red Dot",2021
"Space Sweepers",2021
"Ride or Die",2021
"Get the Grift",2021
"Concrete Cowboy",2021
"June & Kopi",2021
Monster,2021
Ferry,2021
"Chadwick Boseman: Portrait of an Artist",2021
Oxygen,2021
"Tony Parker: The Final Shot",2021
"Dolly Parton: A MusiCares Tribute",2021
"Tribhanga ? Tedhi Medhi Crazy",2021
"Below Zero",2021
Moxie,2021
"The Woman in the Window",2021
"Things Heard & Seen",2021
"Blue Miracle",2021
"Paper Lives",2021
"The Heartbreak Club",2021
"Nail Bomber: Manhunt",2021
"Layla Majnun",2021
"The Misadventures of Hedi and Cokeman",2021
"Bad Trip",2021
"Madame Claude",2021
"Geez & Ann",2021
"Double Dad",2021
"Operation Varsity Blues: The College Admissions Scandal",2021
Seaspiracy,2021
"Crack: Cocaine, Corruption & Conspiracy",2021
"Searching for Sheela",2021
Pagglait,2021
"Arlo the Alligator Boy",2021
"Just Say Yes",2021
Milestone,2021
"Sardar Ka Grandson",2021
"A Week Away",2021
"What Happened to Mr. Cha?",2021
"Ghost Lab",2021
Pele,2021
"Have You Ever Seen Fireflies?",2021
"Malcolm & Marie",2021
"Stuck Apart",2021
"To All the Boys: Always and Forever",2021
"The Minimalists: Less Is Now",2021
"Ajeeb Daastaans",2021
"The Last Paradiso",2021
"The Dig",2021
"Prime Time",2021
"Strip Down, Rise Up",2021
"Army of the Dead",2021
"The Disciple",2021
"The Girl on the Train",2021
"Baggio: The Divine Ponytail",2021
"Tersanjung the Movie",2021
"Finding 'Ohana",2021
"Yes Day",2021
"Thunder Force",2021
"Squared Love",2021
"Biggie: I Got a Story to Tell",2021
